Vending Machine ( TID ),Vending Machine (Serial No.),District,Company Name,"Location ( Floor, Gate No. etc)",Snack/Coffee,Machine Manufacturer
2302384771251206,000005702,Dammam,Electrical Company,Reception,Snack,Easy Combo
2302303971251147,000005878,Dammam,Mouwasat Hospital,New Building 1st Floor,Snack,Easy Combo
2302303871251146,000005870,Dammam,Mouwasat Hospital,Emergency,Snack,Easy Combo
2302382371251128,000004240,Khobar,Maghribi,Ground Floor,Coffee,Easy Combo
2302382271251127,000004210,Khobar,Hugayet Tower,Basement,Snack,Easy Combo
2302382171251126,000004234,Jubail,ALNADI (FANATEER SPORTS CLUB),RECEPTION,Coffee,Easy Combo
2376508700045693,EC74178,RAS AL-KHAIR,Maaden Company,Cru Building,Snack,Easy Combo
x`,000004201,Dammam,Mouwasat Hospital,New Building 1st Floor,Coffee,Easy Combo
2302380971251114,000004210,Khobar,Al Zamil company industrial,Reception,Coffee,Easy Combo
2302380871251113,00000,Dammam, SAL ACCEPTANCE RECEPTION AREA,Reception,Snack,Easy Combo
2302380671251111,EC7001443,Dammam, SAL Zakat tax and custom authority,Reception,Snack,Easy Combo
2302380571251110,EC7001454,Jubail,Mouwasat Hospital,Building 2,Snack,Easy Combo
2376519600045802,EC7001442,Dammam,Al Zamil company industrial,Reception,Snack,Easy Combo
2376519700045803,EC7001432,Khobar,Al Salam Hospital,Emergency,Snack,Easy Combo
2302380271251107,000005689,Khobar,Al Salam Hospital,Ground Floor,Snack,Easy Combo
2302380171251106,000003437,Dammam, Arabian Spectrum Company / TAFE WOMENS,2ND Floor ,Snack,Easy Combo
2302379771251102,000005684,Qatif,Mouwasat Hospital,2nd Floor,Snack,Easy Combo
2302380071251105,000005399,Khobar,Mouwasat Hospital,Main Reception,Snack ,Easy Combo
2302379871251103,90407011,Dammam,Mouwasat Hospital,Pharmacy Gate 10,Snack, Laventa
2302379971251104,90406911,,WAREHOUSE,,Coffee, Laventa
2302379471251099,90412037,Dammam,Novotel Hotel,Main Lobby,Snack, Laventa
2302378571251090,90412679,Al Hasa,Moosa Hospital,1st Floor Reception,Snack, Laventa
2302379271251097,90406334,Al Hasa,Moosa Hospital,2nd Floor Reception,Snack, Laventa
2302379171251096,90407021,Al Hasa,Moosa Hospital,Emergency,Snack , Laventa
2302379071251095,90406272,Al Hasa,Moosa Hospital,South Building Reception,Snack, Laventa
2302378471251089,90407801,Jubail,SABIC SHARQ ,LAB,Snack, Laventa
2302379571251100,90407631,Jubail,PETROKEMYA WEST,TPO OPERATION BUILDING,Snack, Laventa
2302378871251093,90407441,Jubail,PETROKEMYA WEST,MAINTENANCE BUILDING,Snack, Laventa
2302303371251087,90406345,Jubail,Mouwasat Hospital,Building 1,Snack, Laventa
2302303471251088,90407712,Dammam,Mouwasat Hospital,Basement,Snack, Laventa
2302379671251101,90406554,Khobar,Mouwasat Hospital,Laboratory,Snack, Laventa
2302378771251092,90407099,Jubail,Mouwasat Hospital,emergency,snack, Laventa
2302378971251094,90407636,Khobar,   SIPCHEM OFFICE DHAHRAN,Cafeteria,Snack, Laventa
2302378671251091,90407858,Dammam,Mouwasat Hospital ,1st Floor OPD Reception Tower 1,Snack, Laventa
2302379371251098,90407589,Dammam,Mouwasat Hospital,2nd Floor OPD Reception Tower 1,snack, Laventa
2302377471251026,90406166,Jubail,Olayan,Reception,Snack, Laventa
2302312871251291,90406922,Jubail,Mouwasat Hospital,Emergency,Coffee, Laventa
2302390671251320,90406620,Jubail,Mouwasat Hospital,Building 1,Coffee, Laventa
2302313071251293,90407772,Jubail,Mouwasat Hospital,Building 2 ( 1st Floor ),Snack, Laventa
2302377271251024,90407709,Jubail,Mouwasat Hospital,building 2,coffee, Laventa
2302376971251021,90407847,Dammam,Saudi German Hospital,Emergency,Snack, Laventa
2302377071251022,90400083,Dammam,Petronash Company,Main Building Sub 3,Snack, Laventa
2302390371251317,90400140,Khobar,Mouwasat Hospital,Basement,Coffee, Laventa
2302390271251316,90406987,DAMMAM,YOCOGAWA INDUSTRIAL2 ,RECEPTION GATE 4,Snack , Laventa
2302377371251025,90407034,Jubail,Sabic United,Admin Building,Snack, Laventa
2376908100084434,90407031,DAMMAM,YOCOGAWA INDUSTRIAL2 ,RECEPTION GATE 21,Snack, Laventa
2302372571250922,90406163,Dammam,Saudi Arabian OilServ Company ,Reception,Snack, Laventa
2302303171251085,90400190,Dammam, SAL Zakat tax and custom authority,Reception,Coffee, Laventa
2302377171251023,90406884,Dammam,Mouwasat Hospital,Basement,Coffee, Laventa
2376800700154837,90412249,Al Hasa,Moosa Hospital ( Rehabilitation Center ),1st Floor Reception,Coffee, Laventa
2302303271251086,90407784,Al Hasa,Moosa Hospital ( Rehabilitation Center ),1st Floor Reception,Snack, Laventa
2302388771251246,90406092,Dammam, Mouwasat Hospital 3rd floor OPD ,reception tower 1,Snack, Laventa
2302388671251245,90407918,Dammam,YOCOGAWA INDUSTRIAL2 ,RECEPTION,Snack, Laventa
2302388871251247,90407443,RAS AL-KHAIR,Maaden Company,(MRC building),Snack, Laventa
2302388971251248,90412691,Dammam,فندق الرؤية الذهبية GOLDEN VISION,RECEPTION,Snack, Laventa
2302388371251242,1480 E335SAMR0051,Al Hasa,Moosa College,Reception,Snack,Easy Combo
2302299571251049,90407852,Dammam,DSV Company,Main Reception,Snack,Laventa 
2302301171251065,90407321,Al Hasa,Moosa Hospital ( Rehabilitation Center ),Main Gate,Snack,Laventa 
2302390571251319,90406915,Al Hasa,Moosa Hospital ( Rehabilitation Center ),Main Gate,Coffee,Laventa 
2302388271251241,1467 E335SAMR0051,Dammam,Cladtek,Reception/Cafteria Enterance ,Snack,Easy Combo 
2302300971251063,90412782,Jubail,Sabic Recreation,Al Bayroni Center ( Men ),Snack,Laventa 
2302301071251064,90407045,Jubail,Sabic Recreation,Hadeed Center ( Men ),Snack,Laventa 
2302300671251060,90407316,Jubail,Sabic Recreation,SAFCO Center ( Men ),Snack,Laventa 
2302299471251048,90407334,RAS AL-KHAIR,Maaden Company ,(Similtan Admin -Reception ),Snack,Laventa 
2302390471251318,90406273,Jubail,Sabic Recreation,Sharq ( Female ) ,Snack,Laventa 
2302388071251239,90406095,Jubail,Sabic ARRAZI,Admin Building,Snack,Laventa 
2302301271251066,90407314,Dammam,Raqtan Industrial Company,Reception,Snack,Laventa 
2302388471251243,90407445,Jubail,Sabic ARRAZI,CCR-1,Snack,Laventa 
2302301371251067,90407446,Dammam,East Pipe Company,Cafeteria,Snack,Laventa 
2302299371251047,90406158,Jubail,Sabic ARRAZI,CCR-5,Snack,Laventa 
2302388171251240,90412687,Jubail,Sabic STC,Reception,Snack,Laventa 
2302300471251058,90407920,,WAREHOUSE,,Snack,Laventa 
2302300871251062,90407320,Jubail,ALNADI (FANATEER SPORTS CLUB),RECEPTION,Snack,Laventa 
2302388571251244,90406999,Alnearya,  Jazla Water Desalination Company,Reception ,Snack,Laventa 
2302300571251059,90406635,Dammam,Mouwasat Hospital,Eyes Section ,Coffee,Laventa 
2302300371251057,90400798,Dammam, Arabian Spectrum Company ,2ND Floor ,Coffee,Laventa 
2302299771251051,90407047,Jubail,Sabic ARRAZI,Q.A LAB,Snack,Laventa 
2302376271251013,90407911,Jubail,Sabic ARRAZI,Technical Building,Snack,Laventa 
2302376371251014,90407767,Jubail,Sabic ARRAZI,Maintenance Building,Snack,Laventa 
2302311571251278,90406692,Jubail,Saudi Kayan,OLEFINS Control Building (CR10101),Snack,Laventa 
2302301771251071,90407625,Jubail,Saudi Kayan,Compliance/Combined (P.C.),Snack,Laventa 
2302302171251075,90406817,Jubail,Sabic Petrokemya SOUTH,PRE Building,Snack,Laventa 
2302374771250998,90407782,Jubail,Sabic Petrokemya SOUTH,PSS Control Building,Snack,Laventa 
2302311471251277,90406978,Jubail,Sabic Petrokemya SOUTH,QAD Building,Snack,Laventa 
2302376171251012,90406992,Jubail,Sabic Petrokemya SOUTH,OLF1 Control Building,Snack,Laventa 
2302374571250996,90406839,Jubail,Sabic Petrokemya SOUTH,OLF2 Control Building,Snack,Laventa 
2302301871251072,90412678,Jubail,SipChem Sahara Company,Engineering Building,Snack,Laventa 
2302311871251281,90406001,Jubail,SipChem Sahara Company,Admin Building,Snack,Laventa 
2302374971251000,90407065,Jubail,SipChem Sahara Company,SipChem West Park ( Admin Area ),Snack,Laventa 
2302299671251050,90406977,Jubail,SipChem Sahara Company,SipChem West Park ( Training Building ),Snack,Laventa 
2302389771251311,90407060,Jubail,SipChem Sahara Company,SipChem West Park ( ISD Building ),Snack,Laventa 
2302375771251008,90407017,Jubail,Saudi Kayan,Polymer Control Building,Snack,Laventa 
2302381971251124,90407054,Jubail,Saudi Kayan,Polymen PAM Building,Snack,Laventa 
2376811600165709,90406139,Jubail,Saudi Kayan,SAM Building,Snack,Laventa 
2302374271250993,90406005,Jubail,Saudi Kayan,LMB1 Building,Snack,Laventa 
2302312171251284,90406279,Jubail,Saudi Kayan,SMD Building,Snack,Laventa 
2302311671251279,90400001,Jubail,Sabic Petrokemya SOUTH,Visitor,Snack,Laventa 
2302312371251286,90407150,Jubail,Sabic Petrokemya NORTH,Admin Building 1st Floor,Snack,Laventa 
2302311971251282,90406983,Jubail,Sabic Petrokemya NORTH,Laboratory,Snack,Laventa 
2302312271251285,90406266,Jubail,Sabic Petrokemya NORTH,CMD.MSD-2,Snack,Laventa 
2376808800165681,90407059,Jubail,Sabic Petrokemya NORTH,MTBE Control Room,Snack,Laventa 
2302385371251212,90407267,Jubail,Sabic Petrokemya NORTH,OP3 Building,Snack,Laventa 
2302374671250997,90407785,Jubail,Sabic Petrokemya SOUTH,Utility Building,Snack,Laventa 
2302374371250994,90406995,Jubail,Sabic Petrokemya SOUTH,OP1 Building,Snack,Laventa 
2302311771251280,90406980,Jubail,Sabic Petrokemya SOUTH,ABS Control Building,Snack,Laventa 
2302302271251076,90407702,Jubail,Sabic Petrokemya SOUTH,Admin Building,Snack,Laventa 
2376810100165694,90407930,RAS AL-KHAIR,Maaden company ,(Cast house reception),Snack,Laventa 
2376810400165697,90407608,RAS AL-KHAIR,Maaden company ,(Carbon Admin 5011 ),Snack,Laventa 
2302389671251310,90407339,Khobar, SIPCHEM HQ,(Cafeteria),Snack,Laventa 
2376809700165690,90406002,RAS AL-KHAIR,Maaden company ,( Adminstration - reception ),Snack,Laventa 
2302373371250984,90412689,Dammam, East Pipe Company ,(Reception),Snack,Laventa 
2302312771251290,90406691,Jubail,Saudi Kayan,EHSS Building,Snack,Laventa 
2302312971251292,90406699,Jubail,Saudi Kayan,Admin Building,Snack,Laventa 
2302302471251078,90406010,RAS AL-KHAIR,Maaden company ,Maintenance buiding,Snack,Laventa 
2302313471251297,90406998,Jubail,Saudi Kayan,Q.A Lab,Snack,Laventa 
2302312471251287,90406706,Jubail,Saudi Kayan,EO/EG,Snack,Laventa 
2302312671251289,90412557,Jubail,Sabic Petrokemya NORTH ,EHSS Building,Snack,Laventa 
2302389471251308,90406846,Jubail,Sabic Petrokemya NORTH ,OP4 Building,Snack,Laventa 
2302313571251298,90406717,Jubail,Saudi Kayan,Utility Building,Snack,Laventa 
2302385571251214,90406572,Dammam,F M C Company Technology,Canteen area ,Snack,Laventa 
2302300771251061,90407311,Jubail,Saudi Kayan,Cafeteria,Snack,Laventa 
2302313371251296,90407968,dhahran,Dhahran Techno valley,First floor -fat area,Snack,Laventa 
2302389871251312,90406700,Dammam,DHL,Reception,Snack,Laventa 
2302312571251288,90407632,Dammam,Mouwasat Hospital,Eyes Section ,Snack,Laventa 
2302374171250992,90407157,Dammam,Electrical Company,Phasel Ground Floor Main Lobby,Snack,Laventa 
2302389571251309,90400426,Dammam,Electrical Company,Phase2 Ground Floor Main Lobby,Snack,Laventa 
2302311171251274,90412781,Alnaerea, Mouwasat Hospital Emergency ,Emergency ,Snack,Laventa 
